<?xml version="1.0" encoding="UTF-8"?>
<project-private xmlns="http://www.netbeans.org/ns/project-private/1">
    <editor-bookmarks xmlns="http://www.netbeans.org/ns/editor-bookmarks/2" lastBookmarkId="0"/>
    <open-files xmlns="http://www.netbeans.org/ns/projectui-open-files/2">
        <group>
            <file>file:/C:/Users/alunos/Documents/NetBeansProjects/POO_Robocode/src/Robots/MeuRobo1.java</file>
            <file>file:/C:/Users/alunos/Documents/NetBeansProjects/POO_Robocode/src/Robots/Robo2_2.java</file>
            <file>file:/C:/Users/alunos/Documents/NetBeansProjects/POO_Robocode/src/Robots/MeuRobo1_1.java</file>
            <file>file:/C:/Users/alunos/Documents/NetBeansProjects/POO_Robocode/src/Robots/RoboBasico.java</file>
            <file>file:/C:/Users/alunos/Documents/NetBeansProjects/POO_Robocode/src/Robots/Robo2_1.java</file>
            <file>file:/C:/Users/alunos/Documents/NetBeansProjects/POO_Robocode/src/Robots/MeuRobo2.java</file>
            <file>file:/C:/Users/alunos/Documents/NetBeansProjects/POO_Robocode/src/Robots/Eva.java</file>
        </group>
    </open-files>
</project-private>
